rainfall_mm,temperature_c,soil_moisture_pct,soil_ph,ndvi,yield_tons_per_hectare
996.560443700367,35.102906441305905,22.077095657699665,6.410023494510931,0.7170062705201679,9.31019943100029
694.9905957768472,39.38018137334129,46.73767582062217,7.54573025273603,0.4220072197909851,7.814120526007198
1072.738127920244,29.01630609645153,41.25176141726064,8.113311487856212,0.8230136199823868,11.150557238506977
927.6312261534275,21.165745056127516,14.423536439844419,7.382783786873406,0.6156813836199133,8.105843040809205
384.7596130988846,18.306598329580435,49.88138631350292,8.352844894197519,0.28821843922263857,5.452220447173027
1178.0601164730804,23.052432659974816,45.16800097230981,7.628020682952709,0.3006030630188739,9.145403352668138
985.0257317913176,20.900088791303464,21.35633751456156,7.967205753047706,0.685166798850791,9.134181103361918
1007.4578747492584,32.908490819482864,43.47586318643753,4.956416284734549,0.3210607555094547,7.856900478954363
415.3022694079913,20.680315101827684,14.256781274855314,7.429654011975151,0.5551048911074303,5.397093639407455
705.3473441060105,29.139258495653927,49.964189218969544,6.260354798109475,0.8942421331500974,11.330628912788251
633.718221809323,33.2737735841435,36.627389444261475,6.712415209645101,0.20280532331333767,6.141425541489458
1134.0884899637417,30.78456540285985,36.00500062235188,7.1164096379294275,0.21160586132828985,7.765054160016611
879.478608072598,22.395064336521266,13.61762907936531,8.379260466822277,0.8951592073513546,9.289991558175323
1040.485451943747,35.690739576009776,45.88133595586501,8.438312325726498,0.6092471838939159,9.818332079106707
699.072778944598,33.738956851547634,11.159980128178777,5.652912981951621,0.2888369828629592,4.989571165548759
504.5148496062992,34.25764808614192,19.63312232164588,7.435013989751665,0.8281115398278656,7.931186506642435
799.1263083142513,20.88327053426089,15.7208750066654,7.4999341517410745,0.8162662100893845,9.002528174921498
357.43553049375777,20.72258368030758,41.070717627688744,5.885971445252196,0.5753402891779626,7.152825468450067
1044.8680547933238,38.40637612214317,17.928169088515915,4.995479099456884,0.6352544209025296,8.764339643655038
868.4979592098583,26.746720264148692,46.42552908523541,4.663787841142879,0.39123103405061344,7.739717136940724
982.2789660768365,24.620871219180675,36.25076157309961,7.609372510116714,0.23536378746040362,7.778607029007316
619.0733713168815,28.74884899773373,11.446508419787849,6.458798967267624,0.616197326223605,7.39197379016747
1173.628221955413,32.58301268079882,10.217193365148018,8.442160677979704,0.4063286352419341,7.5380767038323
1103.809009189978,39.02371165503334,12.066316680575957,6.359893824774613,0.6645347326622464,9.418656333834067
1000.5451473663857,24.30181699140521,34.23700710590911,8.411667916295361,0.785371623789821,10.670439081231185
475.1748370667708,38.345785444864596,42.05927243437661,6.146304008776239,0.21271238074005486,6.330135809734256
720.0489033543308,18.54690881049764,19.54211282509554,7.67472860223989,0.6169996422800091,7.892171568394927
339.4233892085059,30.214356931190142,43.976353716922915,4.839277089247329,0.3618963777807966,5.888103255712621
438.86054286079303,31.947452456983875,12.289277606130415,6.721846840551056,0.811721948532661,7.69366392998098
914.7440579182091,20.329742882516573,42.03855414566705,7.708239147942897,0.37756515459327994,8.362166961078932
970.2859403170354,21.087471135406076,47.11181720689122,8.198806668879556,0.6275390932647928,9.678008115638516
1170.758759190789,27.220515024958686,40.88433596417522,7.7903323624697265,0.587478588062728,10.514143345262417
593.2428223243368,39.25710206715,37.924831359145486,4.6478829088046965,0.4773165500414742,6.972005597469383
633.4137354313821,31.1129361711562,43.51920874621533,5.990809365226937,0.6743345345198558,8.97498605705418
722.6002301482272,38.52651087520465,11.606051981882658,4.694793889255405,0.7080387443008036,6.897739415459294
470.5242231758571,35.69594014348536,18.071284428762215,4.9371291644582325,0.5968564567235708,6.005036548232498
416.9293548019245,28.282395234216413,14.996947172225724,7.2012225146699365,0.7308955660293279,7.488250429010529
728.1344336033403,35.264795883548125,30.181239607719462,7.353032785246793,0.8883919531950564,9.479401371366736
504.2184141457957,18.39240924749373,39.80752513315378,7.594882731006505,0.4934906715305636,6.952085234972603
902.8325952142593,20.40116792884617,35.20047378305595,7.961826192222651,0.5602081363198717,8.796854988027631
693.4367269850977,36.247429527420195,44.0452439904774,7.457725873906039,0.2087289145588493,6.319441047634751
1049.4103764520537,35.52997594315356,16.208519697643634,7.703486368426528,0.7572199894172649,9.642605319201927
930.2385918020242,23.11809632326154,39.384843677406465,4.695854839293117,0.5641610469321956,9.041249581884008
581.129977243837,29.676930993179177,17.721659634756165,5.438140601765195,0.4855730012523956,6.08366771506383
1049.033821255681,31.33234805540024,20.83035005271201,6.987591093500983,0.26585037416257706,8.169077058632789
1024.2879217471218,37.090256983072244,38.396187891252154,7.932501218499293,0.8227594951727781,10.191688874996872
648.730541127157,31.268357461451963,49.208191395947274,4.518000499758637,0.4765050680283895,7.139976707422534
559.4952935372197,27.07657452402097,34.46174423908278,6.558517368465399,0.6778071187464543,8.183891167283722
914.245953577478,26.232048954958017,12.180012599651825,7.209149597457589,0.30456190945770556,6.465196442498769
425.7772352483788,27.369405900217217,34.652358797101314,4.618429156514453,0.8730847406787228,8.452372676512793
479.9173822275975,32.34248256275943,11.694022063206685,6.105422230213552,0.32490923327528165,5.062255312721781
306.626042775905,37.08479389855115,45.36582845467269,8.082539525534788,0.3396793950296433,5.232654171805624
1008.2319397519245,27.985731405678592,38.38313140402483,7.186451235423435,0.8012880023903997,11.273375422276319
898.3657709328289,23.452470384929878,16.92511385690013,5.450633453442389,0.8388079208993517,9.544952888066291
934.6488407637016,23.206571985946784,13.668840232967923,7.91112451852765,0.34850318526631097,6.941128985799763
1002.656127919771,34.41231416535582,17.341329155212758,5.892125693638057,0.5288606217223795,8.501723958059001
713.0241979845059,35.96451279532603,49.2010871821677,7.913378684576237,0.7134464331939809,9.407278440985126
811.8670763576044,20.31611775679075,28.342425698339593,5.695774604475622,0.8148560136675611,8.51146437045644
425.8172983148917,19.464294853013918,41.36323793365632,6.861281003532596,0.46533688652611366,6.606933371943311
403.0770661823761,31.07754060264194,35.456333684311076,6.087760270991336,0.5619136407946004,6.316391117389166
901.5626656114244,21.21581137223936,32.896525998345496,5.5993002030202685,0.7192014873638144,9.47472949330089
723.9865855288192,36.14261219003951,15.805210186601988,8.046230248687477,0.7117951836569567,7.634566211464424
808.71249583307,24.827362826329637,47.840978142323806,5.250374727757965,0.7480720910182594,10.418540289039086
988.498971674423,21.16518252536514,22.053705300588717,4.839246364943053,0.5989536730490684,8.92488192680995
871.2464880005317,38.261350394723905,33.120688632301686,5.867707754182641,0.27323056776334265,7.085696488853854
798.2214605921963,21.64169790017612,37.991037783562646,7.37055659056627,0.8327813036146279,9.680051697055854
803.2864446708722,24.26384181143458,35.96932620981235,7.729726423905127,0.8059007775247198,9.90076005108622
573.5550882563509,21.37949469422529,47.62377638782074,8.49497348026706,0.7586682050728331,8.423993224471822
327.73605111114546,20.540781400637808,15.93755959680232,5.68544822804466,0.26990373401251067,4.1444497596398
693.0456503091261,18.465256359401682,30.334109537877683,6.131767804525129,0.34307815695700045,7.046096955158206
493.1262055375763,19.21869900161372,26.16137562963064,5.047285112118505,0.7205202555753563,6.993931194302996
667.6757793521725,21.842112360588757,28.966749179304724,6.799487718492134,0.2161980662073625,6.403174657374295
1068.0627659413494,19.17440251779786,14.768701047909785,8.49032014905167,0.8854572435950958,9.908941475273526
510.5455372788067,31.005163954441365,15.363784394910613,7.303524040482634,0.46400127624897647,5.710098849843354
352.4724675201594,32.97571958958914,21.123021831250295,6.880851361653487,0.7035187735835764,7.335736219737674
553.2455028197969,26.65987005030462,22.18818415043325,6.069476371687176,0.8212997619416302,8.866284579014227
564.2343819900152,24.99580413294509,27.116128547254,8.16119504114222,0.47624092170505755,6.63746825963777
895.7248632542055,29.099577214489063,34.439501881465134,6.487666384521398,0.4233927420197662,8.374419966283668
801.3289371071505,37.25010872916139,35.38516469673052,5.037467653252246,0.6261187902287727,8.017666858383715
1005.5083881957721,36.72489579008853,26.47243586342281,5.961513852796534,0.6066925616236355,8.819727045067557
897.8821862946488,18.956451364281424,26.351324377147883,4.768666675391067,0.486397984337358,7.777786467397584
665.7481752960634,21.99296501112353,18.70514106787848,5.307916150755126,0.6212423291073959,6.951034181246912
1032.6183461994312,23.208387164296713,33.53224993636033,4.570675123999649,0.8547669586965463,10.6255038481223
450.27562791693356,23.48652666830866,22.681636452689517,6.313119666000654,0.5273481796386175,6.125598321879242
320.4408658204744,30.567118338341,11.442393371094548,7.038161059807189,0.3377195265254419,4.561257892599847
381.0430746980776,27.15777336547023,26.736001766274416,5.873169849515631,0.4640441880181027,6.321448269453461
950.1234155368053,19.083590638407067,28.965307003606814,6.1815270860211085,0.475874887815183,9.31490889282082
715.6895072262487,26.219511046110576,19.02371472816844,8.336837091378303,0.2917760851183539,5.3770570358404255
445.14460113024165,29.52256487178802,32.89831732488463,7.507852486299662,0.3140100503881884,6.475756500165607
750.9402975930273,20.236781863881752,32.63087601727683,6.663426547779805,0.6791934513755741,8.905062453732324
437.0808924418516,36.33608818334831,38.080087244414855,5.638163500447301,0.43763442794623186,6.512760336859277
926.6883375699624,19.143161062232295,35.9179392880484,8.08798719509198,0.8684288742990653,10.125338300544382
701.5406480166276,38.34652111839736,36.09732226084127,5.440388467522638,0.3705177217510252,6.969366126366668
642.9191034868343,20.18048911475726,22.648566072961724,5.801370922066708,0.26924715357337564,5.661932782961468
571.3608802330889,36.55864893515056,41.49728887943816,8.136259257691794,0.7274531941001805,8.785497887289798
867.2543338069996,37.85836916640758,31.965775343987175,6.618168221140289,0.816725236342509,9.675653922346523
625.6313494980513,39.55055497290504,27.256727807195603,7.469271797671906,0.3946793498100415,6.623090299678444
378.8849273844909,35.644569366019056,35.04049923764228,6.862979176655065,0.34146167115183457,5.456206809115414
406.2053119084638,35.14850589696924,24.426293378010172,7.113756836037981,0.330036294409761,5.206359936701156
1165.707898094563,32.13463207190205,30.50956978427033,5.697533166059302,0.5654086109565586,9.405078950343755
1117.7226216368463,35.137919800718834,39.46822753928881,5.465488246506652,0.5278916488727396,9.778074156552286
929.7364204296746,20.960148585089236,45.45611546894831,5.7899693886746615,0.38160788789817396,9.079658901224342
539.2829653135676,29.79349679084802,46.842287891807665,5.121766256333689,0.23162118189259848,6.302206636186176
1172.2587396129516,29.312903144189118,30.145317007323968,7.99725746116323,0.5370439382283965,9.549225335383326
1000.8758135692151,36.86658717069626,30.811004589622762,5.632987733000457,0.8715326433449258,9.966365368615728
945.201170243096,28.18158604305735,41.994816430553456,6.7459575776575385,0.6567634405268643,10.265691246797108
704.4253519294098,26.47196891420778,22.57802766976805,7.667897700565496,0.5468545896400329,6.930421836823298
545.0174056606431,32.07039196721642,43.495294493802746,7.635296437502854,0.2774844518207313,6.018051668120838
386.75186593814936,23.862192985018613,29.765665860696938,6.253545034336772,0.3767054033847111,6.026176203970155
1112.3421568894576,21.07490504098705,14.634268973410736,6.405029234346903,0.4063417647021799,8.718479368449412
710.19866085025,28.51330002852241,12.882365882917748,8.478806995740099,0.7353624868250639,8.99761743652904
482.1270283157073,27.171566109087472,43.679728441578526,7.198389907916097,0.8136975580852335,8.933807148306283
575.3609617355872,23.11653869163522,12.222716676275116,7.758553772471531,0.8311492974965069,8.347831148648517
821.2976120477064,26.085259822532816,21.224457445346236,8.110215876876929,0.8891980257755279,9.605322186714748
459.09550464530855,26.060633896177443,23.365201620061832,7.650359344917357,0.8876566781731727,8.246612686700903
1070.9528556831378,25.204902417076,16.919777807663753,5.240717379814271,0.867099392937587,10.44528139741537
982.6675768516891,26.348209753992435,22.55573479207957,6.748682934950288,0.25027549835201907,7.535676016289362
947.5166603558431,33.0863536000308,39.707702669003424,4.9075766292581795,0.29645547514946363,7.740819531759247
688.8837357975933,24.531282440568276,10.58731374240283,7.111688506255994,0.41312656853322305,6.2120496083784476
864.5779566321988,38.87487438773749,43.08693698082746,8.321397712751244,0.5870287778451231,7.98314235324492
825.688172021462,38.15965642983991,44.26192094298233,6.550928257200445,0.2678845220938355,6.889107384169848
884.861941399338,28.58002942260173,24.89046292766193,6.231889971471069,0.7920578704614998,10.252465627620898
375.9998890259002,25.223946510103154,16.14451596242539,4.643371005672653,0.6317293253541163,5.962086007740657
674.2266619535487,29.77956537626007,34.03361631780324,8.339098089316881,0.5796550816115434,7.63780097647408
337.4527564757032,36.668330753019745,14.786902234595773,4.912010736520635,0.31571792635710383,4.021317421535441
744.5917373200671,32.35692149232224,24.5967744431301,4.664316373219387,0.3772788320801381,6.885684301875515
596.8750910995068,35.696620214835704,48.337167236038894,5.484266446019754,0.3122184174875806,6.87860659788501
430.0717699794422,29.719890073446283,49.81857890334548,4.76212173567353,0.7963532104563591,8.470016411272681
393.0626709502965,31.92418784388766,40.88419565418342,6.320471369647049,0.6089595020428527,8.149067889456491
828.8801149599408,24.339423512014157,22.43846039683065,6.56435120502845,0.7145905992637434,9.787720864169403
453.5336716831975,34.1676495708264,37.5066019666437,5.750279796114336,0.407223004037018,6.603408411936421
1132.6081065391174,22.452901048765803,38.21625461936051,4.703841930299545,0.459876845961794,9.477532256905087
822.9550257303555,33.28555883400696,25.51366780654599,4.946401472996907,0.48339847509857364,7.992818513942884
612.1828240813534,36.93581950316967,35.63554538344638,6.038017511959712,0.7320104802208245,8.966579925242149
831.8239423332751,20.906262420633965,10.429105799027049,4.742113803306145,0.7406470913721976,8.204596234390545
320.52348392672775,31.516354291922234,18.36230634408966,7.292758902439654,0.3447694692598222,5.083137012950797
1162.7032919173007,20.092106461058563,31.003532118690448,5.328082166099248,0.8590771997166693,11.16457748673047
734.0730932486102,33.965743821971394,16.550052170331835,5.708286275134554,0.2844587362105805,5.529358898872268
1004.4617045252576,19.858850814117446,16.636274715061347,6.07650310871239,0.8272854576965412,10.046502868401713
374.4569999301947,38.59067609941377,43.452171622009516,6.166438532276592,0.2702769519548665,5.010047814366899
737.9924977543443,21.022974460831648,49.56532010734422,4.506642830699202,0.3851778678059178,7.174162411222053
741.6362949190689,39.09536540999977,32.238777121137936,4.948281483994791,0.7925349752475699,9.192567648286756
1144.0438094774845,35.61945187387212,43.56278923526854,7.951058254963512,0.3256444506422612,9.03577357011645
814.5552471384678,31.06100409825979,49.6128665730509,4.5049322500476325,0.48949755191697886,9.151313101421485
726.1404609512584,35.21773030185003,15.663835542750988,6.5326694232515,0.5149015099608883,7.130774123309326
540.2780967827042,35.49252645762789,27.929824530174045,6.458008026028832,0.37168128111624676,5.851212581711593
598.412097608297,38.81259538198127,25.702908633676795,5.832376644042551,0.6971716409351906,7.557538707292477
768.605162224384,23.57443378446212,13.2019713458474,6.2253080805857985,0.7959342545815427,8.827317006537369
695.020314274542,30.9816696978828,40.21320691178978,7.622324550106337,0.8122025978989003,9.610570269749028
319.45087189229736,20.091082346416826,27.35116109290372,7.864814824859826,0.43752550201559265,5.6974851904145725
1043.6627317749221,31.55564540053067,28.77307736761605,5.541394173661001,0.5715952760014701,9.134056855397892
1106.54469465579,21.768408690041355,16.026918952529606,5.789961763870919,0.37388448270595603,8.035217472495244
426.2241800987497,30.428913452393722,17.237066089234723,5.469931412113331,0.3713575510851018,4.935642777158269
798.6325291851444,30.593471308744693,46.2841448862486,6.4194536022042605,0.3128778439963469,8.338033250067836
397.7181670218992,28.251673365587003,11.785963558971154,7.233033430635252,0.8580133075652603,7.640888883484298
905.0160837358305,29.4978990612887,19.31409139774825,5.413011501853682,0.8215921800239059,9.326914094619182
553.1104054551075,34.806314580144935,21.682373212581133,5.822942968219467,0.7441510993293845,7.66922333223168
893.4803712227116,35.583383763265466,29.607901696063458,8.221538470356602,0.5623630649014103,8.086880596693927
954.2951528581943,28.82737074265944,33.457806920591835,4.694277159387832,0.5434255408583103,8.750202336642296
991.7827427258914,31.19105571349747,29.731599034026665,6.343078420958265,0.5708219663277485,10.121313360506127
396.9668513603069,38.48719718518224,13.36461338227528,7.346232166387111,0.5755976095039625,5.602471564893852
1124.410660623847,20.634138947024702,19.74669816222854,5.101816046229896,0.5041941592883832,8.378340365168599
507.19259180539274,20.57627844980243,43.74353539050165,4.689496080021927,0.2922283830244472,5.040291326868145
333.6713005585618,19.929598262036905,35.503548019138364,5.052821486554123,0.2879646970079752,4.523748823359717
799.367222452335,32.47299227089161,35.965962005370976,8.175292774122731,0.8665748010919783,9.68884980853193
633.830055476195,27.20938261738835,36.8081302140542,4.537039127284494,0.5374215317104454,7.369979321211662
1046.8107688191717,35.03507115512055,40.51612076158116,5.253287899245407,0.8672438674336322,11.540917379495781
1027.4263248578716,32.76709109278904,12.324339268857894,4.625134051606578,0.314503814397077,6.7286159808519495
585.4250035404439,25.34003068322124,24.664335397304495,4.942517870248813,0.5880915864279534,7.702713834487905
1157.6094555627706,37.76406404195379,31.581097410467148,6.980597146513185,0.3454020773460775,8.549226602275798
561.8260543261067,34.77570723555435,23.53825933189304,5.466555634956343,0.37722922428862105,5.939315181352809
763.5514163085431,23.951768700023866,43.77915493148746,6.776848201722707,0.22103820513282516,7.254149335128719
530.3685815108424,26.01222439098519,29.302900343491757,6.860781531064505,0.28326731751814793,6.112419857326357
1142.439213044067,24.917679564493785,40.745103578375165,7.897741332359116,0.841793885340437,12.125625248669214
448.14703582381634,21.46745626974999,44.08062067524676,4.518965571647495,0.42507309403763216,5.388422579430666
340.4195574530961,21.251234195928216,30.191659316139923,7.9134778373694665,0.6256904483402141,5.64849365164066
691.5873540027342,38.59480419426637,46.38208975485399,6.976476345707896,0.525509892392491,7.96136961186563
1193.1380076502533,27.633888818372572,33.484957621479225,5.15097394441983,0.4803158716716948,9.692639844350374
1102.5095396294225,26.433036101103017,44.01097195334887,7.5917495525411365,0.5723202639422477,10.552044808712017
973.7472175112543,34.05308559090231,23.623631823660972,7.921966167162343,0.33106726123073904,7.441750193513487
1101.7132417906723,30.165847435563798,29.952678341259407,5.517053935016629,0.8920227289637035,11.087156803307645
1104.101975728077,38.59507971044617,31.25644164018311,8.175174723610724,0.7728155080927039,10.37262685859025
766.9725243478042,35.16663286600663,14.199188635842823,6.317829721194631,0.7191302429120607,8.720825392283263
584.3361466477137,28.546130410739888,25.942100268061626,6.913697817333286,0.5281315079097667,7.541457710000044
994.8111888998892,26.279908416578177,46.69350690206704,8.438598134470574,0.30701398548843517,8.718870680559476
895.495136850985,39.705893988335085,35.233289614589694,5.946144314556797,0.8444661007914975,10.10266406018559
636.2919559863391,33.79072519208016,17.100263297478698,7.752637383280451,0.4389709471672093,5.999074601781824
385.02000125536375,38.926282520084506,23.5542254243842,5.773596471313839,0.23507468278785365,4.644702112412787
972.1106502141234,20.60652869877491,17.664120386507992,7.696854088965964,0.43968257376744,7.563478926906432
536.2144643305783,36.71174094219722,10.992925271942902,6.9029356754505695,0.756119921347119,7.256943097057601
1143.1318354804012,32.01562544780657,47.09841834016107,5.365422780901605,0.6358961214917457,11.322578650010579
516.8735175051163,20.682276923372477,27.92829313027486,6.1561043751569455,0.7255870093214016,6.912426602781087
410.4821391703374,30.941675999322854,22.301402896831448,5.770542537454247,0.7555447687036643,6.9243311906428735
1048.0014049124156,33.09412003231987,33.93908766230946,4.8124335723214555,0.3483682277563798,7.589982081059056
437.95588496204465,18.270659089549262,10.292578251720625,4.61933908039879,0.846648321265226,6.560935131986747
461.3414773419652,27.994995160518425,21.120884264032554,5.885914621628723,0.5065927220442608,6.511695870765376
839.4445123687592,36.15878924631907,38.1213386279557,4.576136591269947,0.6473095544849152,8.043976253213739
1087.105836753718,24.497898557569975,35.350790922770514,5.1619510303271,0.2016161408107194,7.374783203737496
476.79119914311593,28.088057799568126,49.272237901701416,7.400733283403476,0.8953579488878245,9.436328458013419
579.2913056100854,27.73091079549365,34.81430838632176,7.332364942734351,0.39662747017490857,8.042443005302317
